[{"path": "./symp/\uac10\uae30.txt", "maxfreq": 13, "length": 13.997535315568722}, {"path": "./symp/\uac74\ub9dd.txt", "maxfreq": 8, "length": 33.319890902205756}, {"path": "./symp/\uacac\ubc30\ud1b5.txt", "maxfreq": 12, "length": 30.0763532937065}, {"path": "./symp/\uad6c\uac08.txt", "maxfreq": 9, "length": 26.92444918352416}, {"path": "./symp/\uad6c\ud1a0.txt", "maxfreq": 1, "length": 15.649371950480283}, {"path": "./symp/\uadfc\uc721\ud1b5.txt", "maxfreq": 4, "length": 46.79081403801188}, {"path": "./symp/\uae30\uce68.txt", "maxfreq": 2, "length": 17.314958316835046}, {"path": "./symp/\ub208\ubcd1.txt", "maxfreq": 6, "length": 18.800763537835937}, {"path": "./symp/\ub2e4\ud55c.txt", "maxfreq": 4, "length": 35.51680988105037}, {"path": "./symp/\ub450\ud1b5.txt", "maxfreq": 26, "length": 13.675622942984367}, {"path": "./symp/\ubb34\ub825.txt", "maxfreq": 6, "length": 23.260621601925482}, {"path": "./symp/\ubc1c\uc5f4.txt", "maxfreq": 4, "length": 10.828719728626798}, {"path": "./symp/\ubc31\ub0b4\uc7a5.txt", "maxfreq": 6, "length": 31.576335969669564}, {"path": "./symp/\ubc88\uc2ec.txt", "maxfreq": 8, "length": 25.8810924133181}, {"path": "./symp/\ubcf5\ud1b5.txt", "maxfreq": 9, "length": 23.949820797763262}, {"path": "./symp/\ubd88\uba74.txt", "maxfreq": 10, "length": 17.18081218333067}, {"path": "./symp/\ube44\uc5fc.txt", "maxfreq": 4, "length": 19.864793739236877}, {"path": "./symp/\ube44\ucd9c\ud608.txt", "maxfreq": 8, "length": 22.385430609698773}, {"path": "./symp/\uc0b0\ud6c4\ubb34\uc720.txt", "maxfreq": 6, "length": 22.01624774708845}, {"path": "./symp/\uc0dd\ub9ac\ud1b5.txt", "maxfreq": 6, "length": 47.91995261615265}, {"path": "./symp/\uc124\uc0ac.txt", "maxfreq": 11, "length": 25.92947486384348}, {"path": "./symp/\uc18c\ubcc0\ubd88\ud1b5.txt", "maxfreq": 4, "length": 65.9203096877231}, {"path": "./symp/\uc18c\ud654\uc7a5\uc560.txt", "maxfreq": 4, "length": 59.931328868081295}, {"path": "./symp/\uc190\ubaa9 \ubb34\ub825.txt", "maxfreq": 2, "length": 49.4639020919454}, {"path": "./symp/\uc190\ubc14\ub2e5\uc5f4.txt", "maxfreq": 2, "length": 14.658494942909968}, {"path": "./symp/\uc218\uad00\uc808\uc7a5\uc560.txt", "maxfreq": 5, "length": 22.50895188890549}, {"path": "./symp/\uc218\uc871\ub0c9\uc99d.txt", "maxfreq": 4, "length": 31.539426581989105}, {"path": "./symp/\uc2e4\uc2e0.txt", "maxfreq": 4, "length": 76.68374562579082}, {"path": "./symp/\uc2ec\ubcd1.txt", "maxfreq": 5, "length": 28.38913301492953}, {"path": "./symp/\uc548\uad6c\ud53c\ub85c.txt", "maxfreq": 2, "length": 32.981613621547424}, {"path": "./symp/\uc5f4\uc0ac\ubcd1.txt", "maxfreq": 8, "length": 23.37974107470944}, {"path": "./symp/\uc624\uc2ec.txt", "maxfreq": 4, "length": 27.593270603067268}, {"path": "./symp/\uc694\ud1b5.txt", "maxfreq": 11, "length": 20.751841289218987}, {"path": "./symp/\uc774\ub871.txt", "maxfreq": 6, "length": 35.44967513387536}, {"path": "./symp/\uc774\uba85.txt", "maxfreq": 6, "length": 25.550384161116213}, {"path": "./symp/\uc778\ud6c4\uc5fc.txt", "maxfreq": 6, "length": 123.54643882641516}, {"path": "./symp/\uc871\uad00\uc808\uc5fc\uc88c.txt", "maxfreq": 11, "length": 19.210626046066803}, {"path": "./symp/\uc8fc\uad00\uc808\ud1b5\uc99d.txt", "maxfreq": 2, "length": 19.920036248139088}, {"path": "./symp/\uc911\ud48d.txt", "maxfreq": 12, "length": 13.55354949228463}, {"path": "./symp/\ucc9c\uc2dd.txt", "maxfreq": 4, "length": 46.58615392051114}, {"path": "./symp/\uce58\ud1b5.txt", "maxfreq": 4, "length": 14.42310064454785}, {"path": "./symp/\ucf54\uac10\uae30.txt", "maxfreq": 3, "length": 21.83616592211181}, {"path": "./symp/\ud53c\ub85c.txt", "maxfreq": 6, "length": 29.253942224575066}, {"path": "./symp/\ud604\ud6c8.txt", "maxfreq": 6, "length": 55.36876977956919}, {"path": "./symp/\ud669\ub2ec.txt", "maxfreq": 5, "length": 23.30860559076351}, {"path": "./symp/\ud749\ud1b5.txt", "maxfreq": 9, "length": 20.765284400255098}]