{"\uc18c\ubcc0\uc774": [2, 0], "\uc800\uc808\ub85c": [1, 16], "\ub098\uc628\ub2e4": [1, 24], "\uc18c\ubcc0\uc744": [2, 32], "\uc870\uc808\ud558\uc9c0": [1, 48], "\ubabb\ud55c\ub2e4": [2, 56], "\uc9c0\ub9b0\ub2e4": [1, 72], "\ucc38\uc9c0": [1, 80], "\ubabb\ud558\ub2e4": [6, 88], "\uc0c8\ub2e4": [1, 136], "\uc18c\ubcc0": [2, 144], "\uc2e4\uc218\ub97c": [1, 160], "\ud55c\ub2e4": [3, 168], "\uc870\uc808": [2, 192], "\ud558\uc9c0": [1, 208], "\ub9b0\ub2e4": [3, 216], "\ud558\ub2e4": [17, 240], "\uc2e4\uc218": [1, 376], "\uae5c\ubc15\uae5c\ubc15": [1, 384], "\uac74\ub9dd\uc99d": [1, 392], "\uae30\uc5b5\uc774": [1, 400], "\ub098\ube60\uc9c4\ub2e4": [1, 408], "\uae30\uc5b5\ub825": [1, 416], "\uac10\ud1f4": [1, 424], "\uc790\uafb8": [1, 432], "\uc78a\ub294\ub2e4": [1, 440], "\uae4c\uba39\ub294\ub2e4": [1, 448], "\uc27d\uac8c": [1, 456], "\uc798": [4, 464], "\uc78a\uc5b4\ubc84\ub9b0\ub2e4": [1, 496], "\uae30\uc5b5\ub825\uc774": [1, 504], "\uc57d\ud574\uc9c0\ub2e4": [1, 512], "\uac10\uc18c": [2, 520], "\uae30\uc5b5": [1, 536], "\uc5b4\uae68\uac00": [1, 544], "\ub2f9\uae34\ub2e4": [2, 552], "\ub4f1\uc774": [1, 568], "\uc544\ud504\ub2e4": [13, 576], "\uc5b4\uae68\ub97c": [1, 680], "\ub4e4": [1, 688], "\uc218": [4, 696], "\uc5c6\ub2e4": [6, 728], "\ubb34\ub108\uc9c0\ub294": [1, 776], "\ub4ef": [5, 784], "\ubaa9\ub35c\ubbf8\uac00": [1, 824], "\ubee3\ubee3\ud558\ub2e4": [1, 832], "\uc544\ud30c": [1, 840], "\ub3cc\uc544\ubcfc": [1, 848], "\uc5b4\uae7b\uc8fd\uc9c0\uac00": [1, 856], "\ud53c\uace4\ud558\uace0": [1, 864], "\ub2f5\ub2f5\ud558\ub2e4": [2, 872], "\ub4f1\uacfc": [1, 888], "\ubaa9": [2, 896], "\uc8fc\uc704\uac00": [2, 912], "\ubb49\uce58\uace0": [1, 928], "\ubaa9\uc744": [1, 936], "\ud3bc": [1, 944], "\uace0\uac1c\ub97c": [1, 952], "\ub3cc\ub9b4": [1, 960], "\ub4b7\ubaa9\uc774": [1, 968], "\uad7d\ud790": [2, 976], "\ubaa9\uc5d0": [2, 992], "\ub2f4\uc774": [1, 1008], "\uc654\ub2e4": [1, 1016], "\uc816\ud790": [2, 1024], "\ub2f9\uae30\uba70": [1, 1040], "\uc5b4\uae68": [1, 1048], "\ubaa9\ub35c\ubbf8": [1, 1056], "\uc5b4\uae7b\uc8fd\uc9c0": [1, 1064], "\uc8fc\uc704": [2, 1072], "\ubb49\uce58": [1, 1088], "\uace0\uac1c": [1, 1096], "\uc785\uc774": [2, 1104], "\ub9c8\ub974\ub2e4": [1, 1120], "\uc785": [1, 1128], "\uac74\uc870": [1, 1136], "\ubaa9\uc774": [2, 1144], "\ubb3c\uc774": [1, 1160], "\uc785\uc5d0": [1, 1168], "\uac08\uc99d\uc774": [1, 1176], "\ub09c\ub2e4": [13, 1184], "\ubb3c\uc744": [1, 1288], "\ucc3e\ub294\ub2e4": [1, 1296], "\ub9c8\uc2dc\uace0": [1, 1304], "\uc2f6\ub2e4": [1, 1312], "\uac74\uc870\ud558\uace0": [1, 1320], "\uac08\uc99d": [1, 1328], "\ud1a0\ud558\ub2e4": [1, 1336], "\uc18d\uc774": [4, 1344], "\uc6b8\ub801\uac70\ub9b0\ub2e4": [1, 1376], "\uba54\uc2a4\uaecd\ub2e4": [1, 1384], "\uad6c\uc5ed\uac10": [1, 1392], "\uad6c\uc5ed\uc9c8\uc774": [1, 1400], "\ud5db\uad6c\uc5ed\uc9c8\uc774": [1, 1408], "\ud1a0\ud560": [1, 1416], "\uac83": [3, 1424], "\uac19\ub2e4": [4, 1448], "\ubd88\ucf8c\ud558\ub2e4": [1, 1480], "\uc624\uc2ec": [1, 1488], "\uba54\uc2a5\uac70\ub9ac\ub2e4": [1, 1496], "\uad6c\uc5ed": [1, 1504], "\uad6c\uc5ed\uc9c8": [1, 1512], "\ud5db\uad6c\uc5ed\uc9c8": [1, 1520], "\uac70\ub9ac": [2, 1528], "\ubc30\ub97c": [1, 1544], "\uc950\uc5b4\uc9dc\ub294": [2, 1552], "\ubc30\uac00": [2, 1568], "\uc950\uc5b4": [2, 1584], "\uc9dc\ub294": [2, 1600], "\ud5d0\ub2e4": [1, 1616], "\ud600\uac00": [2, 1624], "\ubd93\ub2e4": [3, 1640], "\uc785\uc18d\uc774": [1, 1664], "\ub540\uc774": [1, 1672], "\ub9ce\uc774": [2, 1680], "\ub540\uc73c\ub85c": [1, 1696], "\ucd95\ucd95\ud558\ub2e4": [1, 1704], "\uc904\uc904": [1, 1712], "\ub540\uc5d0": [1, 1720], "\ud479": [2, 1728], "\uc816\ub294\ub2e4": [1, 1744], "\ud765\uac74\ud558\ub2e4": [1, 1752], "\uc73c\ub85c": [2, 1760], "\ud765\uac74": [1, 1776], "\uba38\ub9ac\uac00": [2, 1784], "\ucc0c\ub974\ub294": [1, 1800], "\uba38\ub9ac\uc544\ud504\ub2e4": [1, 1808], "\uadf9\uc2ec\ud788": [1, 1816], "\ucc0c\ub974\ub4ef": [2, 1824], "\uc6b1\uc2e0\uac70\ub9ac\ub2e4": [1, 1840], "\uae68\uc9c8": [1, 1848], "\ud130\uc9c8\uac83": [1, 1856], "\uba38\ub9ac\ub97c": [1, 1864], "\uc2f8\ub9e8": [1, 1872], "\ucabc\uac1c\uc9c8": [1, 1880], "\ud0c0\ub294": [1, 1888], "\uce68\uc73c\ub85c": [1, 1896], "\ubd80\ud480\uc5b4": [1, 1904], "\ubb34\uac81\uace0": [1, 1912], "\uba38\ub9ac": [2, 1920], "\ubc1c\uc774": [1, 1936], "\uc5bc\uc74c\uc7a5\uac19\ub2e4": [1, 1944], "\uc190\uc774": [1, 1952], "\ucc28\ub2e4": [2, 1960], "\uc190\ubc1c\uc774": [2, 1976], "\uc5bc\uc74c\uc7a5": [1, 1992], "\uc190\ubc1c": [2, 2000], "\ud654\ub048\uac70\ub9b0\ub2e4": [2, 2016], "\uc5f4\uc774": [2, 2032], "\uc5f4": [1, 2048], "\ubab8\uc774": [5, 2056], "\ub728\uac81\ub2e4": [2, 2096], "\ud654\ub048": [2, 2112], "\uc0c1\uae30\ub3c4\uac10\uc5fc": [1, 2128], "\uae30\uad00\uc9c0\uc5fc": [1, 2136], "\uc73c\uc2e4\uc73c\uc2e4\ud558\ub2e4": [1, 2144], "\uc73c\uc2ac\uc73c\uc2ac\ud558\ub2e4": [1, 2152], "\ub5a8\ub9b0\ub2e4": [1, 2160], "\uac10\uae30": [2, 2168], "\uae30\uc6b4\uc774": [2, 2184], "\uc788\ub2e4": [5, 2200], "\uac78\ub838\ub2e4": [1, 2240], "\uc628": [1, 2248], "\ucda5\ub2e4": [1, 2256], "\uc0c1\uae30": [1, 2264], "\uac10\uc5fc": [1, 2272], "\uc2e4\ud558\ub2e4": [1, 2280], "\uc73c\uc2ac\uc73c\uc2ac\ud558": [1, 2288], "\uae30\uc6b4": [2, 2296], "\uac00\uc2b4\uc774": [3, 2312], "\uac00\uc2b4\uc5d0": [1, 2336], "\uc18d\uc5d0": [1, 2344], "\ubd88\uc774": [1, 2352], "\uac00\uc2b4\uc758": [1, 2360], "\uc548\uc808\ubd80\uc808": [1, 2368], "\ubc88\uc5f4\uc774": [1, 2376], "\ub098\ub2e4": [1, 2384], "\ubd88\ud3b8\ud558\ub2e4": [3, 2392], "\uac00\uc2b4": [3, 2416], "\ubc88\uc5f4": [1, 2440], "\uc790\ub2e4": [1, 2448], "\uae68\ub2e4": [1, 2456], "\uc7a0\uc744": [1, 2464], "\uc790\uc9c0": [1, 2472], "\uc870\uae08\ubc16\uc5d0": [1, 2480], "\uafc8\uc744": [1, 2488], "\uafbc\ub2e4": [1, 2496], "\ubabb\uc794\ub2e4": [1, 2504], "\ubc24\uc0c8": [1, 2512], "\ub4a4\ucc99\uac70\ub9b0\ub2e4": [1, 2520], "\uc870\uae08": [1, 2528], "\ubc16\uc5d0": [1, 2536], "\ubcf4\uc9c0": [1, 2544], "\uc2dc\uc6d0\ud558\uc9c0": [1, 2552], "\uc54a\ub2e4": [2, 2560], "\uc18c\ubcc0\ubcf4\uae30": [1, 2576], "\uc5b4\ub835\ub2e4": [2, 2584], "\ub098\uc624\uc9c0": [1, 2600], "\uc54a\ub294\ub2e4": [4, 2608], "\ubcf4\uae30": [1, 2640], "\ub354\uc704\ub85c": [1, 2648], "\uc5b4\uc9c0\ub7fd\ub2e4": [2, 2656], "\ub354\uc704\uba39\ub2e4": [1, 2672], "\ub354\uc704": [1, 2680], "\uba39\ub2e4": [1, 2688], "\ucf54\uc5d0": [1, 2696], "\ud53c\uac00": [1, 2704], "\ube44\ub275": [1, 2712], "\ucf54\ud53c\uac00": [1, 2720], "\uba4e\uc9c0": [2, 2728], "\ucf54\ud53c\ub97c": [1, 2744], "\ud758\ub9ac\ub2e4": [1, 2752], "\ud750\ub978\ub2e4": [2, 2760], "\ucf54\ud53c": [1, 2776], "\uc190\ubc14\ub2e5\uc774": [1, 2784], "\uc190\ubc14\ub2e5\uc5d0": [1, 2792], "\uc5f4\uc774\ub09c\ub2e4": [1, 2800], "\uc190\ubc14\ub2e5": [1, 2808], "\uc774\ub09c": [1, 2816], "\uc544\ub7ab\ubc30\uac00": [1, 2824], "\uc0dd\ub9ac\ub85c": [1, 2832], "\ud1b5\uc99d\uc774": [3, 2840], "\uc2ec\ud558\ub2e4": [2, 2864], "\uc544\ub7ab\ubc30": [1, 2880], "\ud1b5\uc99d\uc744": [1, 2888], "\ucc38\uc744": [2, 2896], "\uc544\ub7ab\ubc30\ub97c": [1, 2912], "\ube44\ud2b8\ub294": [1, 2920], "\uac83\ucc98\ub7fc": [1, 2928], "\ub561\uae34\ub2e4": [1, 2936], "\ubed0\uadfc\ud558\ub2e4": [1, 2944], "\ud5c8\ub9ac\uac00": [2, 2952], "\uc0dd\ub9ac\ud1b5\uc774": [1, 2968], "\uc544\ub7ab": [1, 2976], "\uc0dd\ub9ac": [1, 2984], "\ud1b5\uc99d": [4, 2992], "\ube44\ud2b8": [1, 3024], "\ucc98\ub7fc": [1, 3032], "\ud5c8\ub9ac": [2, 3040], "\uc0dd\ub9ac\ud1b5": [1, 3056], "\ud3b8\ub9c8\ube44": [1, 3064], "\ub2e4\ub9ac\ub97c": [1, 3072], "\uc808\ub2e4": [1, 3080], "\ub9c8\ube44": [1, 3088], "\uc0ac\uc9c0\ub9c8\ube44": [1, 3096], "\ub9d0\ud558\uae30": [1, 3104], "\ud798\ub4e4\uace0": [1, 3112], "\ub9c8\ube44\uac00": [1, 3120], "\uc624\ub2e4": [1, 3128], "\uad73\ub294\ub2e4": [1, 3136], "\uc758\uc2dd\uc774": [1, 3144], "\ud750\ub824\uc9c0\ub2e4": [1, 3152], "\ud48d\uc774": [1, 3160], "\uc5bc\uad74\uc5d0": [1, 3168], "\uac10\uac01\uc774": [1, 3176], "\uc5bc\uad74\uc774": [2, 3184], "\ub9c8\ube44\ub418\ub2e4": [1, 3200], "\uad73\ub2e4": [1, 3208], "\uc640\uc0ac": [1, 3216], "\ub2e4\ub9ac": [1, 3224], "\uc0ac\uc9c0": [1, 3232], "\ud558\uae30": [1, 3240], "\uc758\uc2dd": [1, 3248], "\uc5bc\uad74": [2, 3256], "\uac10\uac01": [1, 3272], "\ub418\ub2e4": [4, 3280], "\ud654\uc7a5\uc2e4\uc5d0": [1, 3312], "\uc790\uc8fc": [1, 3320], "\uac00\ub2e4": [1, 3328], "\uc124\uc0ac\uac00": [1, 3336], "\uadf8\uce58\uc9c0": [1, 3344], "\ub300\ubcc0\uc774": [1, 3352], "\ubb34\ub974\ub2e4": [1, 3360], "\ubb3d\ub2e4": [1, 3368], "\ubb3c\uc124\uc0ac\ub97c": [1, 3376], "\ud654\uc7a5\uc2e4": [1, 3384], "\uc124\uc0ac": [1, 3392], "\ub300\ubcc0": [1, 3400], "\ubb34\ub974": [1, 3408], "\ube75\ube75\ud558\ub2e4": [1, 3416], "\uc18c\ud654\uac00": [1, 3424], "\uc548\ub41c\ub2e4": [2, 3432], "\ub354\ubd80\ub8e9\ud558\ub2e4": [1, 3448], "\ubd80\ud480\ub2e4": [1, 3456], "\ubd80\ub300\ub07c\ub2e4": [1, 3464], "\uc18c\ud654\ubd88\ub7c9": [1, 3472], "\ubd88\ub7ec\uc624\ub974\uba70": [1, 3480], "\uac00\uc2a4\uac00": [1, 3488], "\ucc2c\ub2e4": [2, 3496], "\ube75\ube75": [1, 3512], "\uc18c\ud654": [1, 3520], "\ubd88\ub7c9": [1, 3528], "\ubd88\ub7ec": [1, 3536], "\uc624\ub974\uba70": [1, 3544], "\uac00\uc2a4": [1, 3552], "\uc190\uc744": [1, 3560], "\uc9da\uae30": [1, 3568], "\ud798\ub4e4\ub2e4": [2, 3576], "\uc190\ubaa9\uc5d0": [1, 3592], "\ud798\uc774": [1, 3600], "\uc190\ubaa9": [2, 3608], "\uc4f0\ub7ec\uc9c0\ub2e4": [1, 3624], "\ucf5c\ub85d\uac70\ub9b0\ub2e4": [2, 3632], "\uc794\uae30\uce68\uc774": [1, 3648], "\ub9c8\ub978": [1, 3656], "\uae30\uce68\uc744": [1, 3664], "\uae30\uce68": [1, 3672], "\uc794\uae30\uce68": [1, 3680], "\ucf54\uac00": [1, 3688], "\ucf54\ub9c9\ud798": [1, 3696], "\ucf67\ubb3c\uc774": [1, 3704], "\ub9c9\ud788\ub2e4": [1, 3712], "\ub9c9\ud798": [1, 3720], "\ucf67\ubb3c": [1, 3728], "\ub208\ubb3c\uc774": [2, 3736], "\uac10\uc815": [1, 3752], "\uc870\uc808\uc774": [1, 3760], "\uc9dc\uc99d\uc774": [1, 3768], "\uc2a4\ud2b8\ub808\uc2a4": [1, 3776], "\ubc1b\ub2e4": [1, 3784], "\ubd88\uc548\ud558\ub2e4": [1, 3792], "\ub450\uadfc\uac70\ub9b0\ub2e4": [1, 3800], "\uc6b0\uc6b8\ud558\ub2e4": [1, 3808], "\uc2ec\uc7a5\uc774": [2, 3816], "\ubd88\uaddc\uce59\ud558\uac8c": [1, 3832], "\ub6f4\ub2e4": [1, 3840], "\uc2ec\ubc15\ub3d9\uc774": [1, 3848], "\ubd88\uaddc\uce59\ud558\ub2e4": [1, 3856], "\ubd80\uc815\ub9e5\uc774": [1, 3864], "\ub208\ubb3c": [2, 3872], "\uc9dc\uc99d": [1, 3888], "\uc2ec\uc7a5": [2, 3896], "\uc2ec\ubc15": [1, 3912], "\ub3d9\uc774": [1, 3920], "\ubd80\uc815\ub9e5": [1, 3928], "\ub208\uc774": [4, 3936], "\ube68\uac1c\uc9c4\ub2e4": [2, 3968], "\uacb0\ub9c9\uc5fc\uc774": [1, 3984], "\uc0dd\uae30\ub2e4": [1, 3992], "\ubd89\uc5b4\uc9c0\ub2e4": [1, 4000], "\uc544\ud504\uace0": [1, 4008], "\ub208\uaebc\ud480\uc774": [1, 4016], "\ucda9\ud608\ub418\ub2e4": [2, 4024], "\uacb0\ub9c9\uc5fc": [1, 4040], "\uc0dd\uae30": [1, 4048], "\ub208\uaebc\ud480": [1, 4056], "\ucda9\ud608": [2, 4064], "\uc218\uc720\ub7c9\uc774": [1, 4080], "\uc801\ub2e4": [1, 4088], "\uc720\ub7c9": [1, 4096], "\ub204\ub807\uac8c": [1, 4104], "\ub728\ub2e4": [1, 4112], "\ub178\ub797\ub2e4": [1, 4120], "\uc628\ubab8\uc774": [1, 4128], "\ub204\ub807": [1, 4136], "\uc628\ubab8": [1, 4144], "\uc694\uace8\uc2e0\uacbd\uc7a5\uc560": [1, 4152], "\uc190\ubaa9\uc774": [1, 4160], "\ucc99\uace8\uc2e0\uacbd\uc7a5\uc560": [1, 4168], "\uc694\uace8": [1, 4176], "\uc2e0\uacbd\uc7a5\uc560": [1, 4184], "\ucc99\uace8": [1, 4192], "\ud5c8\ub9ac\ub97c": [1, 4200], "\ub3cc\ub9ac\uc9c0": [1, 4208], "\uc549\uc744": [1, 4216], "\uc694\ucd94\uac00": [1, 4224], "\ud611\ucc29\uc99d\uc774": [1, 4232], "\ub514\uc2a4\ud06c": [1, 4240], "\ub514\uc2a4\ud06c\uac00": [1, 4248], "\ud130\uc84c\ub2e4": [1, 4256], "\uc694\ucd94": [1, 4264], "\ud611\ucc29\uc99d": [1, 4272], "\uc18c\ub9ac\ub97c": [1, 4280], "\ub4e3\uc9c0": [1, 4288], "\uc548\ub4e4\ub9b0\ub2e4": [1, 4296], "\uadc0\uac00": [1, 4304], "\uba39\uc5c8\ub2e4": [1, 4312], "\uccad\ub825\uc774": [1, 4320], "\ub5a8\uc5b4\uc9c4\ub2e4": [1, 4328], "\uac10\uc18c\ud588\ub2e4": [1, 4336], "\uc18c\ub9ac": [2, 4344], "\ub4e4\ub9b0\ub2e4": [2, 4360], "\uccad\ub825": [1, 4376], "\ud588\ub2e4": [1, 4384], "\uadc0\uc5d0": [1, 4392], "\ub9e4\ubbf8\uc18c\ub9ac\uac00": [1, 4400], "\uadc0\uc5d0\uc11c": [1, 4408], "\uc774\uc0c1\ud55c": [1, 4416], "\uc18c\ub9ac\uac00": [1, 4424], "\uc090": [1, 4432], "\ud558\ub294": [1, 4440], "\uc774\uba85\uc774": [1, 4448], "\ub9e4\ubbf8": [1, 4456], "\uc5d0\uc11c": [1, 4464], "\uc774\uba85": [1, 4472], "\ubaa9\uad6c\uba4d\uc5d0": [1, 4480], "\uc5fc\uc99d\uc774": [1, 4488], "\ubc1c\uc0dd\ud558\ub2e4": [1, 4496], "\ub534": [1, 4504], "\ubb3c\uc9c8\uc774": [1, 4512], "\ub4e4\uc5b4\uac04": [1, 4520], "\ub290\ub08c": [1, 4528], "\uc778\ud6c4\ubd80": [1, 4536], "\uc790\uadf9\uac10": [1, 4544], "\ubaa9\uad6c\uba4d\uc774": [1, 4552], "\ubd93\ub294\ub2e4": [1, 4560], "\ubd89\uac8c": [2, 4568], "\ubd80\uc5b4\uc624\ub974\ub2e4": [1, 4584], "\uadc0": [1, 4592], "\uce68": [1, 4600], "\uc0bc\ud0a4\uae30": [1, 4608], "\uc74c\uc2dd": [1, 4616], "\uc774\ubb3c\uac10\uc774": [1, 4624], "\ubaa9\uac10\uae30": [1, 4632], "\uc778\ud6c4\uc5d0": [1, 4640], "\uc0dd\uacbc\ub2e4": [1, 4648], "\uc26c\ub2e4": [1, 4656], "\ubd80\uc5c8\ub2e4": [1, 4664], "\ub530\uac11\ub2e4": [1, 4672], "\ud3b8\ub3c4\uac00": [1, 4680], "\uc778\ud6c4\uc5fc": [1, 4688], "\ud3b8\ub3c4\uc5fc": [1, 4696], "\uac00\ub835\ub2e4": [2, 4704], "\ubaa9\uad6c\uba4d": [1, 4720], "\uc5fc\uc99d": [1, 4728], "\ubc1c\uc0dd": [1, 4736], "\ubb3c\uc9c8": [1, 4744], "\uc778\ud6c4": [1, 4752], "\uc790\uadf9": [1, 4760], "\ubd80\uc5b4": [1, 4768], "\uc624\ub974\ub2e4": [1, 4776], "\ubb3c\uac10": [1, 4784], "\ud3b8\ub3c4": [1, 4792], "\ubc1c\ubaa9\uc744": [1, 4800], "\ub2e4\uce58\ub2e4": [1, 4808], "\ubc1c\uc744": [1, 4816], "\uc090\ub2e4": [1, 4824], "\ubc1c\ubaa9\uc774": [1, 4832], "\uc090\uc5c8\ub2e4": [1, 4840], "\uc811\uc9c8\ub800\ub2e4": [1, 4848], "\ubc1c\ubaa9": [1, 4856], "\uad00\uc808\uc774": [1, 4864], "\uc9c8\ub800\ub2e4": [1, 4872], "\uad00\uc808": [1, 4880], "\ud314\uafc8\uce58\uac00": [1, 4888], "\ud314\uafc8\uce58": [1, 4896], "\ubc14\ub298\ub85c": [1, 4904], "\ub545\uae34\ub2e4": [1, 4912], "\uac00\uc2b4\ubd80\uc704": [1, 4920], "\ubd88\ucf8c\uac10\uc774": [1, 4928], "\uac00\uc2b4\ud1b5\uc99d": [1, 4936], "\ubc14\ub298": [1, 4944], "\uae34\ub2e4": [1, 4952], "\ubd80\uc704": [1, 4960], "\ubd88\ucf8c\uac10": [1, 4968], "\ucc9c\uba85\uc74c\uc774": [1, 4976], "\ud638\ud761\uace4\ub780": [1, 4984], "\uac00\ub798\uac00": [1, 4992], "\uc228\uc774": [1, 5000], "\uac1d\ub2f4\uc774": [1, 5008], "\uc0dd\uae34\ub2e4": [1, 5016], "\uac00\uc058\ub2e4": [1, 5024], "\ucc9c\uba85": [1, 5032], "\ud638\ud761": [1, 5040], "\uace4\ub780": [1, 5048], "\uac00\ub798": [1, 5056], "\uac1d\ub2f4": [1, 5064], "\uac00\uc058": [1, 5072], "\uc774\uac00": [1, 5080], "\uc2dc\ub9ac\ub2e4": [1, 5088], "\uc774\ube68\uc774": [1, 5096], "\uc2dc\ub9ac": [1, 5104], "\uc774\ube68": [1, 5112], "\uce68\uce68\ud558\ub2e4": [1, 5120], "\ubc31\ub0b4\uc7a5": [1, 5128], "\uae30\ub825\uc774": [1, 5136], "\ubb34\uae30\ub825\ud558\ub2e4": [1, 5144], "\uc6c0\uc9c1\uc77c": [1, 5152], "\ud5c8\uc57d\ud574\uc9c0\ub2e4": [1, 5160], "\uacfc\ub85c\ud558\ub2e4": [1, 5168], "\ud5c8\ud558\ub2e4": [1, 5176], "\ud53c\ub85c\uac00": [1, 5184], "\uac00\uc2dc\uc9c0": [1, 5192], "\ubb34\uac81\ub2e4": [1, 5200], "\uc9c0\uce5c\ub2e4": [1, 5208], "\uae30\ub825": [1, 5216], "\ubb34\uae30": [1, 5224], "\uacfc\ub85c": [1, 5232], "\ud53c\ub85c": [1, 5240], "\uac00\uc2dc": [1, 5248], "\ub208\uc55e\uc774": [1, 5256], "\uc544\ucc14\ud558\ub2e4": [1, 5264], "\uc815\uc2e0\uc774": [1, 5272], "\ud750\ub9bf\ud558\uace0": [1, 5280], "\ud63c\ubbf8\ud558\ub2e4": [1, 5288], "\uce84\uce84\ud558\ub2e4": [1, 5296], "\ud551\ud551": [1, 5304], "\ub3c8\ub2e4": [1, 5312], "\ub775\ud558\ub2e4": [1, 5320], "\ube59\ube59": [1, 5328], "\ub3c4\ub294": [1, 5336], "\ub208": [1, 5344], "\uc55e\uc5d0": [1, 5352], "\ud5db": [1, 5360], "\uac83\uc774": [1, 5368], "\ubcf4\uc778\ub2e4": [1, 5376], "\ud551": [1, 5384], "\ub3cc\uba70": [1, 5392], "\ud5db\uac83\uc774": [1, 5400], "\uc5b4\ub978\uac70\ub9b0\ub2e4": [1, 5408], "\ud604\uae30\uc99d\ub09c\ub2e4": [1, 5416], "\ub208\uc55e": [1, 5424], "\uc815\uc2e0": [1, 5432], "\ud750\ub9bf": [1, 5440], "\ud558\uace0": [1, 5448], "\ud5db\uac83": [1, 5456], "\ud604\uae30\uc99d": [1, 5464], "\uac74\uc870\ud558\ub2e4": [1, 5472], "\ube60\uc9c8": [1, 5480], "\ub208\uc54c\uc774": [1, 5488], "\uae54\uae54\ud558\ub2e4": [1, 5496], "\ud53c\ub85c\ud558\ub2e4": [1, 5504], "\ub208\uc54c": [1, 5512], "\ud53c\ubd80\uc5d0": [1, 5520], "\uc62c\ub77c\uc628\ub2e4": [1, 5528], "\uc5c6\uc774": [1, 5536], "\ubc18\uc9c4": [1, 5544], "\ud48d\uc9c4": [1, 5552], "\uac00\ub824\uc6c0\uc774": [1, 5560], "\uc740\uc9c4": [1, 5568], "\ud53c\ubd80\uac00": [1, 5576], "\ud53c\ubd80": [1, 5584], "\uac00\ub824\uc6c0": [1, 5592]}