[{"path": "./symp/\uac10\uae30.txt", "maxfreq": 15, "length": 13.310525896772258}, {"path": "./symp/\uac74\ub9dd.txt", "maxfreq": 9, "length": 40.985322322430555}, {"path": "./symp/\uacac\ubc30\ud1b5.txt", "maxfreq": 12, "length": 38.32175669909334}, {"path": "./symp/\uad6c\uac08.txt", "maxfreq": 9, "length": 41.58294412643413}, {"path": "./symp/\uad6c\ub0b4\uc5fc.txt", "maxfreq": 9, "length": 23.014389848614826}, {"path": "./symp/\uad6c\ud1a0.txt", "maxfreq": 9, "length": 14.851697065755404}, {"path": "./symp/\uae30\uce68.txt", "maxfreq": 14, "length": 15.65982873704205}, {"path": "./symp/\ub208\ubcd1.txt", "maxfreq": 9, "length": 23.420573033937597}, {"path": "./symp/\ub2e4\ud55c.txt", "maxfreq": 9, "length": 21.67416109225325}, {"path": "./symp/\ub450\ub4dc\ub7ec\uae30.txt", "maxfreq": 9, "length": 35.423779343165066}, {"path": "./symp/\ub450\ud1b5.txt", "maxfreq": 26, "length": 15.432040236439555}, {"path": "./symp/\ubc1c\uc5f4.txt", "maxfreq": 9, "length": 16.797501309058468}, {"path": "./symp/\ubc31\ub0b4\uc7a5.txt", "maxfreq": 12, "length": 15.107099379110084}, {"path": "./symp/\ubc88\uc2ec.txt", "maxfreq": 9, "length": 35.107753146025495}, {"path": "./symp/\ubcf5\ud1b5.txt", "maxfreq": 9, "length": 15.513554612877131}, {"path": "./symp/\ubd88\uba74.txt", "maxfreq": 9, "length": 38.60831574067324}, {"path": "./symp/\ube44\uc5fc.txt", "maxfreq": 9, "length": 20.88850513194485}, {"path": "./symp/\ube44\ucd9c\ud608.txt", "maxfreq": 9, "length": 32.3457487579806}, {"path": "./symp/\uc0b0\ud6c4\ubb34\uc720.txt", "maxfreq": 6, "length": 36.64623735727492}, {"path": "./symp/\uc0dd\ub9ac\ud1b5.txt", "maxfreq": 11, "length": 28.293546144639695}, {"path": "./symp/\uc124\uc0ac.txt", "maxfreq": 13, "length": 19.511684504549084}, {"path": "./symp/\uc18c\ubcc0\ubd88\ud1b5.txt", "maxfreq": 16, "length": 15.278906372466954}, {"path": "./symp/\uc18c\ud654\uc7a5\uc560.txt", "maxfreq": 10, "length": 26.760689547924336}, {"path": "./symp/\uc190\ubaa9 \ubb34\ub825.txt", "maxfreq": 11, "length": 20.954203340364728}, {"path": "./symp/\uc190\ubc14\ub2e5\uc5f4.txt", "maxfreq": 12, "length": 17.414089077886462}, {"path": "./symp/\uc218\uad00\uc808\uc7a5\uc560.txt", "maxfreq": 6, "length": 35.59094751556325}, {"path": "./symp/\uc218\uc871\ub0c9\uc99d.txt", "maxfreq": 6, "length": 56.2422352234729}, {"path": "./symp/\uc2e4\uc2e0.txt", "maxfreq": 9, "length": 15.382371236387003}, {"path": "./symp/\uc2ec\ubcd1.txt", "maxfreq": 9, "length": 29.80590148627605}, {"path": "./symp/\uc548\uad6c\ud53c\ub85c.txt", "maxfreq": 6, "length": 44.340974317015046}, {"path": "./symp/\uc5f4\uc0ac\ubcd1.txt", "maxfreq": 9, "length": 18.582404817327127}, {"path": "./symp/\uc624\uc2ec.txt", "maxfreq": 12, "length": 18.941318346534974}, {"path": "./symp/\uc694\uc2e4\uae08.txt", "maxfreq": 13, "length": 21.02320448938947}, {"path": "./symp/\uc694\ud1b5.txt", "maxfreq": 11, "length": 30.53016617042203}, {"path": "./symp/\uc774\ub871.txt", "maxfreq": 6, "length": 39.11429886960285}, {"path": "./symp/\uc774\uba85.txt", "maxfreq": 11, "length": 21.775683786121075}, {"path": "./symp/\uc778\ud6c4\uc5fc.txt", "maxfreq": 12, "length": 43.34239528674344}, {"path": "./symp/\uc871\uad00\uc808\uc5fc\uc88c.txt", "maxfreq": 11, "length": 29.377593213499186}, {"path": "./symp/\uc8fc\uad00\uc808\ud1b5\uc99d.txt", "maxfreq": 6, "length": 25.461320143183627}, {"path": "./symp/\uc911\ud48d.txt", "maxfreq": 11, "length": 35.742186354551805}, {"path": "./symp/\ucc9c\uc2dd.txt", "maxfreq": 9, "length": 23.860698186467715}, {"path": "./symp/\uce58\ud1b5.txt", "maxfreq": 9, "length": 17.50750247763547}, {"path": "./symp/\ud53c\ub85c.txt", "maxfreq": 11, "length": 18.05039786500997}, {"path": "./symp/\ud604\ud6c8.txt", "maxfreq": 9, "length": 39.26683706716294}, {"path": "./symp/\ud669\ub2ec.txt", "maxfreq": 9, "length": 33.13137677971742}, {"path": "./symp/\ud749\ud1b5.txt", "maxfreq": 12, "length": 21.683375682389833}]