{"\uc0c1\uae30\ub3c4\uac10\uc5fc": [1, 0], "\uae30\uad00\uc9c0\uc5fc": [1, 8], "\uc73c\uc2e4\uc73c\uc2e4\ud558\ub2e4": [1, 16], "\ubab8\uc774": [5, 24], "\ucc28\ub2e4": [2, 64], "\uc73c\uc2ac\uc73c\uc2ac\ud558\ub2e4": [1, 80], "\ub5a8\ub9b0\ub2e4": [1, 88], "\uac10\uae30": [2, 96], "\uae30\uc6b4\uc774": [2, 112], "\uc788\ub2e4": [5, 128], "\uac78\ub838\ub2e4": [1, 168], "\uc628": [1, 176], "\ucda5\ub2e4": [1, 184], "\uc0c1\uae30": [1, 192], "\uac10\uc5fc": [1, 200], "\uc2e4\ud558\ub2e4": [1, 208], "\uc73c\uc2ac\uc73c\uc2ac\ud558": [1, 216], "\uae30\uc6b4": [2, 224], "\uae5c\ubc15\uae5c\ubc15": [1, 240], "\ud55c\ub2e4": [3, 248], "\uac74\ub9dd\uc99d": [1, 272], "\uae30\uc5b5\uc774": [1, 280], "\ub098\ube60\uc9c4\ub2e4": [1, 288], "\uae30\uc5b5\ub825": [1, 296], "\uac10\ud1f4": [1, 304], "\uc790\uafb8": [1, 312], "\uc78a\ub294\ub2e4": [1, 320], "\uae4c\uba39\ub294\ub2e4": [1, 328], "\uc27d\uac8c": [1, 336], "\uc798": [4, 344], "\uc78a\uc5b4\ubc84\ub9b0\ub2e4": [1, 376], "\uae30\uc5b5\ub825\uc774": [1, 384], "\uc57d\ud574\uc9c0\ub2e4": [1, 392], "\uac10\uc18c": [2, 400], "\uac74\ub9dd": [1, 416], "\uae30\uc5b5": [1, 424], "\uc5b4\uae68\uac00": [1, 432], "\ub2f9\uae34\ub2e4": [2, 440], "\ub4f1\uc774": [1, 456], "\uc544\ud504\ub2e4": [13, 464], "\uc5b4\uae68\ub97c": [1, 568], "\ub4e4": [1, 576], "\uc218": [4, 584], "\uc5c6\ub2e4": [6, 616], "\ubb34\ub108\uc9c0\ub294": [1, 664], "\ub4ef": [5, 672], "\ud558\ub2e4": [17, 712], "\ubaa9\ub35c\ubbf8\uac00": [1, 848], "\ubee3\ubee3\ud558\ub2e4": [1, 856], "\uc544\ud30c": [1, 864], "\ub3cc\uc544\ubcfc": [1, 872], "\uc5b4\uae7b\uc8fd\uc9c0\uac00": [1, 880], "\ud53c\uace4\ud558\uace0": [1, 888], "\ub2f5\ub2f5\ud558\ub2e4": [2, 896], "\ub4f1\uacfc": [1, 912], "\ubaa9": [2, 920], "\uc8fc\uc704\uac00": [2, 936], "\ubb49\uce58\uace0": [1, 952], "\ubaa9\uc744": [1, 960], "\ud3bc": [1, 968], "\uace0\uac1c\ub97c": [1, 976], "\ub3cc\ub9b4": [1, 984], "\ub4b7\ubaa9\uc774": [1, 992], "\uad7d\ud790": [2, 1000], "\ubaa9\uc5d0": [2, 1016], "\ub2f4\uc774": [1, 1032], "\uc654\ub2e4": [1, 1040], "\uc816\ud790": [2, 1048], "\ub2f9\uae30\uba70": [1, 1064], "\uacac\ubc30\ud1b5": [1, 1072], "\uc5b4\uae68": [1, 1080], "\ubaa9\ub35c\ubbf8": [1, 1088], "\uc5b4\uae7b\uc8fd\uc9c0": [1, 1096], "\uc8fc\uc704": [2, 1104], "\ubb49\uce58": [1, 1120], "\uace0\uac1c": [1, 1128], "\uc785\uc774": [2, 1136], "\ub9c8\ub974\ub2e4": [1, 1152], "\uc785": [1, 1160], "\uac74\uc870": [1, 1168], "\ubaa9\uc774": [2, 1176], "\ubb3c\uc774": [1, 1192], "\uc785\uc5d0": [1, 1200], "\uac08\uc99d\uc774": [1, 1208], "\ub09c\ub2e4": [13, 1216], "\ubb3c\uc744": [1, 1320], "\ucc3e\ub294\ub2e4": [1, 1328], "\ub9c8\uc2dc\uace0": [1, 1336], "\uc2f6\ub2e4": [1, 1344], "\uac74\uc870\ud558\uace0": [1, 1352], "\uad6c\uac08": [1, 1360], "\uac08\uc99d": [1, 1368], "\ud5d0\ub2e4": [1, 1376], "\ud600\uac00": [2, 1384], "\ubd93\ub2e4": [3, 1400], "\uc785\uc18d\uc774": [1, 1424], "\uad6c\ub0b4\uc5fc": [1, 1432], "\uc18d\uc774": [4, 1440], "\ud1a0\ud558\ub2e4": [1, 1472], "\uad6c\ud1a0": [1, 1480], "\ucf5c\ub85d\uac70\ub9b0\ub2e4": [2, 1488], "\uc794\uae30\uce68\uc774": [1, 1504], "\ub9c8\ub978": [1, 1512], "\uae30\uce68\uc744": [1, 1520], "\uae30\uce68": [1, 1528], "\uc794\uae30\uce68": [1, 1536], "\ub208\uc774": [4, 1544], "\ube68\uac1c\uc9c4\ub2e4": [2, 1576], "\uacb0\ub9c9\uc5fc\uc774": [1, 1592], "\uc0dd\uae30\ub2e4": [1, 1600], "\ubd89\uc5b4\uc9c0\ub2e4": [1, 1608], "\uc544\ud504\uace0": [1, 1616], "\ub208\ubb3c\uc774": [2, 1624], "\ub208\uaebc\ud480\uc774": [1, 1640], "\ucda9\ud608\ub418\ub2e4": [2, 1648], "\ub208\ubcd1": [1, 1664], "\uacb0\ub9c9\uc5fc": [1, 1672], "\uc0dd\uae30": [1, 1680], "\ub208\ubb3c": [2, 1688], "\ub208\uaebc\ud480": [1, 1704], "\ucda9\ud608": [2, 1712], "\ub418\ub2e4": [4, 1728], "\ub540\uc774": [1, 1760], "\ub9ce\uc774": [2, 1768], "\ub540\uc73c\ub85c": [1, 1784], "\ucd95\ucd95\ud558\ub2e4": [1, 1792], "\uc904\uc904": [1, 1800], "\ub540\uc5d0": [1, 1808], "\ud479": [2, 1816], "\uc816\ub294\ub2e4": [1, 1832], "\ud765\uac74\ud558\ub2e4": [1, 1840], "\ub2e4\ud55c": [1, 1848], "\uc73c\ub85c": [2, 1856], "\ud765\uac74": [1, 1872], "\ud53c\ubd80\uc5d0": [1, 1880], "\ubd89\uac8c": [2, 1888], "\uc62c\ub77c\uc628\ub2e4": [1, 1904], "\ucc38\uc744": [2, 1912], "\uc5c6\uc774": [1, 1928], "\uac00\ub835\ub2e4": [2, 1936], "\ubc18\uc9c4": [1, 1952], "\ud48d\uc9c4": [1, 1960], "\uac00\ub824\uc6c0\uc774": [1, 1968], "\uba4e\uc9c0": [2, 1976], "\uc54a\ub294\ub2e4": [4, 1992], "\uc740\uc9c4": [1, 2024], "\ud53c\ubd80\uac00": [1, 2032], "\ub450\ub4dc\ub7ec\uae30": [1, 2040], "\ud53c\ubd80": [1, 2048], "\uac00\ub824\uc6c0": [1, 2056], "\uba38\ub9ac\uac00": [2, 2064], "\ucc0c\ub974\ub294": [1, 2080], "\uac83": [3, 2088], "\uac19\ub2e4": [4, 2112], "\uba38\ub9ac\uc544\ud504\ub2e4": [1, 2144], "\uadf9\uc2ec\ud788": [1, 2152], "\ucc0c\ub974\ub4ef": [2, 2160], "\uc6b1\uc2e0\uac70\ub9ac\ub2e4": [1, 2176], "\uae68\uc9c8": [1, 2184], "\ud130\uc9c8\uac83": [1, 2192], "\uba38\ub9ac\ub97c": [1, 2200], "\uc2f8\ub9e8": [1, 2208], "\ucabc\uac1c\uc9c8": [1, 2216], "\ud0c0\ub294": [1, 2224], "\uce68\uc73c\ub85c": [1, 2232], "\ubd80\ud480\uc5b4": [1, 2240], "\ubb34\uac81\uace0": [1, 2248], "\ub450\ud1b5": [1, 2256], "\uba38\ub9ac": [2, 2264], "\uac70\ub9ac": [2, 2280], "\ud654\ub048\uac70\ub9b0\ub2e4": [2, 2296], "\uc5f4\uc774": [2, 2312], "\uc5f4": [1, 2328], "\ub728\uac81\ub2e4": [2, 2336], "\ubc1c\uc5f4": [1, 2352], "\ud654\ub048": [2, 2360], "\ub9b0\ub2e4": [3, 2376], "\uce68\uce68\ud558\ub2e4": [1, 2400], "\ubc31\ub0b4\uc7a5": [1, 2408], "\uac00\uc2b4\uc774": [3, 2416], "\uac00\uc2b4\uc5d0": [1, 2440], "\uc18d\uc5d0": [1, 2448], "\ubd88\uc774": [1, 2456], "\uac00\uc2b4\uc758": [1, 2464], "\uc548\uc808\ubd80\uc808": [1, 2472], "\ubabb\ud558\ub2e4": [6, 2480], "\ubc88\uc5f4\uc774": [1, 2528], "\ub098\ub2e4": [1, 2536], "\ubd88\ud3b8\ud558\ub2e4": [3, 2544], "\ubc88\uc2ec": [1, 2568], "\uac00\uc2b4": [3, 2576], "\ubc88\uc5f4": [1, 2600], "\ubc30\ub97c": [1, 2608], "\uc950\uc5b4\uc9dc\ub294": [2, 2616], "\ubc30\uac00": [2, 2632], "\ubcf5\ud1b5": [1, 2648], "\uc950\uc5b4": [2, 2656], "\uc9dc\ub294": [2, 2672], "\uc790\ub2e4": [1, 2688], "\uae68\ub2e4": [1, 2696], "\uc7a0\uc744": [1, 2704], "\uc790\uc9c0": [1, 2712], "\uc870\uae08\ubc16\uc5d0": [1, 2720], "\uafc8\uc744": [1, 2728], "\uafbc\ub2e4": [1, 2736], "\ubabb\uc794\ub2e4": [1, 2744], "\ubc24\uc0c8": [1, 2752], "\ub4a4\ucc99\uac70\ub9b0\ub2e4": [1, 2760], "\ubabb\ud55c\ub2e4": [2, 2768], "\ubd88\uba74": [1, 2784], "\uc870\uae08": [1, 2792], "\ubc16\uc5d0": [1, 2800], "\ucf54\uac00": [1, 2808], "\ucf54\ub9c9\ud798": [1, 2816], "\ucf67\ubb3c\uc774": [1, 2824], "\ud750\ub978\ub2e4": [2, 2832], "\ub9c9\ud788\ub2e4": [1, 2848], "\ube44\uc5fc": [1, 2856], "\ub9c9\ud798": [1, 2864], "\ucf67\ubb3c": [1, 2872], "\ucf54\uc5d0": [1, 2880], "\ud53c\uac00": [1, 2888], "\ube44\ub275": [1, 2896], "\ucf54\ud53c\uac00": [1, 2904], "\ucf54\ud53c\ub97c": [1, 2912], "\ud758\ub9ac\ub2e4": [1, 2920], "\ube44\ucd9c\ud608": [1, 2928], "\ucf54\ud53c": [1, 2936], "\uc218\uc720\ub7c9\uc774": [1, 2944], "\uc801\ub2e4": [1, 2952], "\uc0b0\ud6c4\ubb34\uc720": [1, 2960], "\uc720\ub7c9": [1, 2968], "\uc0b0\ud6c4": [1, 2976], "\ubb34\uc720": [1, 2984], "\uc544\ub7ab\ubc30\uac00": [1, 2992], "\uc0dd\ub9ac\ub85c": [1, 3000], "\ud1b5\uc99d\uc774": [3, 3008], "\uc2ec\ud558\ub2e4": [2, 3032], "\uc544\ub7ab\ubc30": [1, 3048], "\ud1b5\uc99d\uc744": [1, 3056], "\uc544\ub7ab\ubc30\ub97c": [1, 3064], "\ube44\ud2b8\ub294": [1, 3072], "\uac83\ucc98\ub7fc": [1, 3080], "\ub561\uae34\ub2e4": [1, 3088], "\ubed0\uadfc\ud558\ub2e4": [1, 3096], "\ud5c8\ub9ac\uac00": [2, 3104], "\uc0dd\ub9ac\ud1b5\uc774": [1, 3120], "\uc0dd\ub9ac\ud1b5": [1, 3128], "\uc544\ub7ab": [1, 3136], "\uc0dd\ub9ac": [1, 3144], "\ud1b5\uc99d": [5, 3152], "\ube44\ud2b8": [1, 3192], "\ucc98\ub7fc": [1, 3200], "\ud5c8\ub9ac": [2, 3208], "\ud654\uc7a5\uc2e4\uc5d0": [1, 3224], "\uc790\uc8fc": [1, 3232], "\uac00\ub2e4": [1, 3240], "\uc124\uc0ac\uac00": [1, 3248], "\uadf8\uce58\uc9c0": [1, 3256], "\uc54a\ub2e4": [2, 3264], "\ub300\ubcc0\uc774": [1, 3280], "\ubb34\ub974\ub2e4": [1, 3288], "\ubb3d\ub2e4": [1, 3296], "\ubb3c\uc124\uc0ac\ub97c": [1, 3304], "\uc124\uc0ac": [1, 3312], "\ud654\uc7a5\uc2e4": [1, 3320], "\ub300\ubcc0": [1, 3328], "\ubb34\ub974": [1, 3336], "\uc18c\ubcc0\uc744": [2, 3344], "\ubcf4\uc9c0": [1, 3360], "\uc18c\ubcc0\uc774": [2, 3368], "\uc2dc\uc6d0\ud558\uc9c0": [1, 3384], "\uc18c\ubcc0\ubcf4\uae30": [1, 3392], "\uc5b4\ub835\ub2e4": [2, 3400], "\ub098\uc624\uc9c0": [1, 3416], "\uc18c\ubcc0\ubd88\ud1b5": [1, 3424], "\uc18c\ubcc0": [2, 3432], "\ubcf4\uae30": [1, 3448], "\ubd88\ud1b5": [1, 3456], "\ube75\ube75\ud558\ub2e4": [1, 3464], "\uc18c\ud654\uac00": [1, 3472], "\uc548\ub41c\ub2e4": [2, 3480], "\ub354\ubd80\ub8e9\ud558\ub2e4": [1, 3496], "\ubd80\ud480\ub2e4": [1, 3504], "\ubd80\ub300\ub07c\ub2e4": [1, 3512], "\uc18c\ud654\ubd88\ub7c9": [1, 3520], "\ubd88\ub7ec\uc624\ub974\uba70": [1, 3528], "\uac00\uc2a4\uac00": [1, 3536], "\ucc2c\ub2e4": [2, 3544], "\uc18c\ud654\uc7a5\uc560": [1, 3560], "\ube75\ube75": [1, 3568], "\uc18c\ud654": [1, 3576], "\ubd88\ub7c9": [1, 3584], "\ubd88\ub7ec": [1, 3592], "\uc624\ub974\uba70": [1, 3600], "\uac00\uc2a4": [1, 3608], "\uc7a5\uc560": [2, 3616], "\uc190\uc744": [1, 3632], "\uc9da\uae30": [1, 3640], "\ud798\ub4e4\ub2e4": [2, 3648], "\uc190\ubaa9\uc5d0": [1, 3664], "\ud798\uc774": [1, 3672], "\uc190\ubaa9": [2, 3680], "\ubb34\ub825": [1, 3696], "\uc190\ubc14\ub2e5\uc774": [1, 3704], "\uc190\ubc14\ub2e5\uc5d0": [1, 3712], "\uc5f4\uc774\ub09c\ub2e4": [1, 3720], "\uc190\ubc14\ub2e5\uc5f4": [1, 3728], "\uc190\ubc14\ub2e5": [1, 3736], "\uc774\ub09c": [1, 3744], "\uc694\uace8\uc2e0\uacbd\uc7a5\uc560": [1, 3752], "\uc190\ubaa9\uc774": [1, 3760], "\ucc99\uace8\uc2e0\uacbd\uc7a5\uc560": [1, 3768], "\uc218\uad00\uc808\uc7a5\uc560": [1, 3776], "\uc694\uace8": [1, 3784], "\uc2e0\uacbd\uc7a5\uc560": [1, 3792], "\ucc99\uace8": [1, 3800], "\uad00\uc808": [2, 3808], "\ubc1c\uc774": [1, 3824], "\uc5bc\uc74c\uc7a5\uac19\ub2e4": [1, 3832], "\uc190\uc774": [1, 3840], "\uc190\ubc1c\uc774": [2, 3848], "\uc218\uc871\ub0c9\uc99d": [1, 3864], "\uc5bc\uc74c\uc7a5": [1, 3872], "\uc190\ubc1c": [2, 3880], "\uc218\uc871": [1, 3896], "\ub0c9\uc99d": [1, 3904], "\uc4f0\ub7ec\uc9c0\ub2e4": [1, 3912], "\uc2e4\uc2e0": [1, 3920], "\uac10\uc815": [1, 3928], "\uc870\uc808\uc774": [1, 3936], "\uc9dc\uc99d\uc774": [1, 3944], "\uc2a4\ud2b8\ub808\uc2a4": [1, 3952], "\ubc1b\ub2e4": [1, 3960], "\ubd88\uc548\ud558\ub2e4": [1, 3968], "\ub450\uadfc\uac70\ub9b0\ub2e4": [1, 3976], "\uc6b0\uc6b8\ud558\ub2e4": [1, 3984], "\uc2ec\uc7a5\uc774": [2, 3992], "\ubd88\uaddc\uce59\ud558\uac8c": [1, 4008], "\ub6f4\ub2e4": [1, 4016], "\uc2ec\ubc15\ub3d9\uc774": [1, 4024], "\ubd88\uaddc\uce59\ud558\ub2e4": [1, 4032], "\ubd80\uc815\ub9e5\uc774": [1, 4040], "\uc2ec\ubcd1": [1, 4048], "\uc870\uc808": [2, 4056], "\uc9dc\uc99d": [1, 4072], "\uc2ec\uc7a5": [2, 4080], "\uc2ec\ubc15": [1, 4096], "\ub3d9\uc774": [1, 4104], "\ubd80\uc815\ub9e5": [1, 4112], "\uac74\uc870\ud558\ub2e4": [1, 4120], "\ube60\uc9c8": [1, 4128], "\ub208\uc54c\uc774": [1, 4136], "\uae54\uae54\ud558\ub2e4": [1, 4144], "\ud53c\ub85c\ud558\ub2e4": [1, 4152], "\uc548\uad6c\ud53c\ub85c": [1, 4160], "\ub208\uc54c": [1, 4168], "\uc548\uad6c": [1, 4176], "\ud53c\ub85c": [2, 4184], "\ub354\uc704\ub85c": [1, 4200], "\uc5b4\uc9c0\ub7fd\ub2e4": [2, 4208], "\ub354\uc704\uba39\ub2e4": [1, 4224], "\uc5f4\uc0ac\ubcd1": [1, 4232], "\ub354\uc704": [1, 4240], "\uba39\ub2e4": [1, 4248], "\uc6b8\ub801\uac70\ub9b0\ub2e4": [1, 4256], "\uba54\uc2a4\uaecd\ub2e4": [1, 4264], "\uad6c\uc5ed\uac10": [1, 4272], "\uad6c\uc5ed\uc9c8\uc774": [1, 4280], "\ud5db\uad6c\uc5ed\uc9c8\uc774": [1, 4288], "\ud1a0\ud560": [1, 4296], "\ubd88\ucf8c\ud558\ub2e4": [1, 4304], "\uc624\uc2ec": [1, 4312], "\uba54\uc2a5\uac70\ub9ac\ub2e4": [1, 4320], "\uad6c\uc5ed": [1, 4328], "\uad6c\uc5ed\uc9c8": [1, 4336], "\ud5db\uad6c\uc5ed\uc9c8": [1, 4344], "\uc800\uc808\ub85c": [1, 4352], "\ub098\uc628\ub2e4": [1, 4360], "\uc870\uc808\ud558\uc9c0": [1, 4368], "\uc9c0\ub9b0\ub2e4": [1, 4376], "\ucc38\uc9c0": [1, 4384], "\uc0c8\ub2e4": [1, 4392], "\uc2e4\uc218\ub97c": [1, 4400], "\uc694\uc2e4\uae08": [1, 4408], "\ud558\uc9c0": [1, 4416], "\uc2e4\uc218": [1, 4424], "\ud5c8\ub9ac\ub97c": [1, 4432], "\ub3cc\ub9ac\uc9c0": [1, 4440], "\uc549\uc744": [1, 4448], "\uc694\ucd94\uac00": [1, 4456], "\ud611\ucc29\uc99d\uc774": [1, 4464], "\ub514\uc2a4\ud06c": [1, 4472], "\ub514\uc2a4\ud06c\uac00": [1, 4480], "\ud130\uc84c\ub2e4": [1, 4488], "\uc694\ud1b5": [1, 4496], "\uc694\ucd94": [1, 4504], "\ud611\ucc29\uc99d": [1, 4512], "\uc18c\ub9ac\ub97c": [1, 4520], "\ub4e3\uc9c0": [1, 4528], "\uc548\ub4e4\ub9b0\ub2e4": [1, 4536], "\uadc0\uac00": [1, 4544], "\uba39\uc5c8\ub2e4": [1, 4552], "\uccad\ub825\uc774": [1, 4560], "\ub5a8\uc5b4\uc9c4\ub2e4": [1, 4568], "\uac10\uc18c\ud588\ub2e4": [1, 4576], "\uc774\ub871": [1, 4584], "\uc18c\ub9ac": [2, 4592], "\ub4e4\ub9b0\ub2e4": [2, 4608], "\uccad\ub825": [1, 4624], "\ud588\ub2e4": [1, 4632], "\uadc0\uc5d0": [1, 4640], "\ub9e4\ubbf8\uc18c\ub9ac\uac00": [1, 4648], "\uadc0\uc5d0\uc11c": [1, 4656], "\uc774\uc0c1\ud55c": [1, 4664], "\uc18c\ub9ac\uac00": [1, 4672], "\uc090": [1, 4680], "\ud558\ub294": [1, 4688], "\uc774\uba85\uc774": [1, 4696], "\uc774\uba85": [1, 4704], "\ub9e4\ubbf8": [1, 4712], "\uc5d0\uc11c": [1, 4720], "\ubaa9\uad6c\uba4d\uc5d0": [1, 4728], "\uc5fc\uc99d\uc774": [1, 4736], "\ubc1c\uc0dd\ud558\ub2e4": [1, 4744], "\ub534": [1, 4752], "\ubb3c\uc9c8\uc774": [1, 4760], "\ub4e4\uc5b4\uac04": [1, 4768], "\ub290\ub08c": [1, 4776], "\uc778\ud6c4\ubd80": [1, 4784], "\uc790\uadf9\uac10": [1, 4792], "\ubaa9\uad6c\uba4d\uc774": [1, 4800], "\ubd93\ub294\ub2e4": [1, 4808], "\ubd80\uc5b4\uc624\ub974\ub2e4": [1, 4816], "\uadc0": [1, 4824], "\uce68": [1, 4832], "\uc0bc\ud0a4\uae30": [1, 4840], "\uc74c\uc2dd": [1, 4848], "\uc774\ubb3c\uac10\uc774": [1, 4856], "\ubaa9\uac10\uae30": [1, 4864], "\uc778\ud6c4\uc5d0": [1, 4872], "\uc0dd\uacbc\ub2e4": [1, 4880], "\uc26c\ub2e4": [1, 4888], "\ubd80\uc5c8\ub2e4": [1, 4896], "\ub530\uac11\ub2e4": [1, 4904], "\ud3b8\ub3c4\uac00": [1, 4912], "\uc778\ud6c4\uc5fc": [1, 4920], "\ud3b8\ub3c4\uc5fc": [1, 4928], "\ubaa9\uad6c\uba4d": [1, 4936], "\uc5fc\uc99d": [1, 4944], "\ubc1c\uc0dd": [1, 4952], "\ubb3c\uc9c8": [1, 4960], "\uc778\ud6c4": [1, 4968], "\uc790\uadf9": [1, 4976], "\ubd80\uc5b4": [1, 4984], "\uc624\ub974\ub2e4": [1, 4992], "\ubb3c\uac10": [1, 5000], "\ud3b8\ub3c4": [1, 5008], "\ubc1c\ubaa9\uc744": [1, 5016], "\ub2e4\uce58\ub2e4": [1, 5024], "\ubc1c\uc744": [1, 5032], "\uc090\ub2e4": [1, 5040], "\ubc1c\ubaa9\uc774": [1, 5048], "\uc090\uc5c8\ub2e4": [1, 5056], "\uc811\uc9c8\ub800\ub2e4": [1, 5064], "\ubc1c\ubaa9": [1, 5072], "\uad00\uc808\uc774": [1, 5080], "\uc871\uad00\uc808\uc5fc\uc88c": [1, 5088], "\uc9c8\ub800\ub2e4": [1, 5096], "\uc5fc\uc88c": [1, 5104], "\ud314\uafc8\uce58\uac00": [1, 5112], "\uc8fc\uad00\uc808\ud1b5\uc99d": [1, 5120], "\ud314\uafc8\uce58": [1, 5128], "\uc8fc\uad00\uc808": [1, 5136], "\ud3b8\ub9c8\ube44": [1, 5144], "\ub2e4\ub9ac\ub97c": [1, 5152], "\uc808\ub2e4": [1, 5160], "\ub9c8\ube44": [1, 5168], "\uc0ac\uc9c0\ub9c8\ube44": [1, 5176], "\ub9d0\ud558\uae30": [1, 5184], "\ud798\ub4e4\uace0": [1, 5192], "\ub9c8\ube44\uac00": [1, 5200], "\uc624\ub2e4": [1, 5208], "\uad73\ub294\ub2e4": [1, 5216], "\uc758\uc2dd\uc774": [1, 5224], "\ud750\ub824\uc9c0\ub2e4": [1, 5232], "\ud48d\uc774": [1, 5240], "\uc5bc\uad74\uc5d0": [1, 5248], "\uac10\uac01\uc774": [1, 5256], "\uc5bc\uad74\uc774": [2, 5264], "\ub9c8\ube44\ub418\ub2e4": [1, 5280], "\uad73\ub2e4": [1, 5288], "\uc640\uc0ac": [1, 5296], "\uc911\ud48d": [1, 5304], "\ub2e4\ub9ac": [1, 5312], "\uc0ac\uc9c0": [1, 5320], "\ud558\uae30": [1, 5328], "\uc758\uc2dd": [1, 5336], "\uc5bc\uad74": [2, 5344], "\uac10\uac01": [1, 5360], "\ucc9c\uba85\uc74c\uc774": [1, 5368], "\ud638\ud761\uace4\ub780": [1, 5376], "\uac00\ub798\uac00": [1, 5384], "\uc228\uc774": [1, 5392], "\uac1d\ub2f4\uc774": [1, 5400], "\uc0dd\uae34\ub2e4": [1, 5408], "\uac00\uc058\ub2e4": [1, 5416], "\ucc9c\uc2dd": [1, 5424], "\ucc9c\uba85": [1, 5432], "\ud638\ud761": [1, 5440], "\uace4\ub780": [1, 5448], "\uac00\ub798": [1, 5456], "\uac1d\ub2f4": [1, 5464], "\uac00\uc058": [1, 5472], "\uc774\uac00": [1, 5480], "\uc2dc\ub9ac\ub2e4": [1, 5488], "\uc774\ube68\uc774": [1, 5496], "\uce58\ud1b5": [1, 5504], "\uc2dc\ub9ac": [1, 5512], "\uc774\ube68": [1, 5520], "\uae30\ub825\uc774": [1, 5528], "\ubb34\uae30\ub825\ud558\ub2e4": [1, 5536], "\uc6c0\uc9c1\uc77c": [1, 5544], "\ud5c8\uc57d\ud574\uc9c0\ub2e4": [1, 5552], "\uacfc\ub85c\ud558\ub2e4": [1, 5560], "\ud5c8\ud558\ub2e4": [1, 5568], "\ud53c\ub85c\uac00": [1, 5576], "\uac00\uc2dc\uc9c0": [1, 5584], "\ubb34\uac81\ub2e4": [1, 5592], "\uc9c0\uce5c\ub2e4": [1, 5600], "\uae30\ub825": [1, 5608], "\ubb34\uae30": [1, 5616], "\uacfc\ub85c": [1, 5624], "\uac00\uc2dc": [1, 5632], "\ub208\uc55e\uc774": [1, 5640], "\uc544\ucc14\ud558\ub2e4": [1, 5648], "\uc815\uc2e0\uc774": [1, 5656], "\ud750\ub9bf\ud558\uace0": [1, 5664], "\ud63c\ubbf8\ud558\ub2e4": [1, 5672], "\uce84\uce84\ud558\ub2e4": [1, 5680], "\ud551\ud551": [1, 5688], "\ub3c8\ub2e4": [1, 5696], "\ub775\ud558\ub2e4": [1, 5704], "\ube59\ube59": [1, 5712], "\ub3c4\ub294": [1, 5720], "\ub208": [1, 5728], "\uc55e\uc5d0": [1, 5736], "\ud5db": [1, 5744], "\uac83\uc774": [1, 5752], "\ubcf4\uc778\ub2e4": [1, 5760], "\ud551": [1, 5768], "\ub3cc\uba70": [1, 5776], "\ud5db\uac83\uc774": [1, 5784], "\uc5b4\ub978\uac70\ub9b0\ub2e4": [1, 5792], "\ud604\uae30\uc99d\ub09c\ub2e4": [1, 5800], "\ud604\ud6c8": [1, 5808], "\ub208\uc55e": [1, 5816], "\uc815\uc2e0": [1, 5824], "\ud750\ub9bf": [1, 5832], "\ud558\uace0": [1, 5840], "\ud5db\uac83": [1, 5848], "\ud604\uae30\uc99d": [1, 5856], "\ub204\ub807\uac8c": [1, 5864], "\ub728\ub2e4": [1, 5872], "\ub178\ub797\ub2e4": [1, 5880], "\uc628\ubab8\uc774": [1, 5888], "\ud669\ub2ec": [1, 5896], "\ub204\ub807": [1, 5904], "\uc628\ubab8": [1, 5912], "\ubc14\ub298\ub85c": [1, 5920], "\ub545\uae34\ub2e4": [1, 5928], "\uac00\uc2b4\ubd80\uc704": [1, 5936], "\ubd88\ucf8c\uac10\uc774": [1, 5944], "\uac00\uc2b4\ud1b5\uc99d": [1, 5952], "\ud749\ud1b5": [1, 5960], "\ubc14\ub298": [1, 5968], "\uae34\ub2e4": [1, 5976], "\ubd80\uc704": [1, 5984], "\ubd88\ucf8c\uac10": [1, 5992]}